{"free speech movement": [-0.09491186323599406, 0.574917183086719], "ku klux klan": [0.1256732491669175, 0.879396318797285], "counterculture movement": [0.14503079561839263, 0.0273108527727121], "feminist movement": [-1.9964217661257695, 0.16980284842231907], "disability rights": [-5.120441054667746, -1.266654266968723], "food not bombs": [-0.6419487035967485, 1.5705803049341722], "india against corruption": [3.176123698692784, -0.7113644108465846], "environmental justice": [-1.7526224492125182, 0.9368395507030283], "labor movement": [-2.2850477388338106, -0.568583803807813], "nazism": [-0.9282530061065891, 0.13994388901228405], "occupy wall street": [3.366174984345376, -0.6678081653385062], "occupy movement": [3.1722209258911316, -0.8795052717125448], "ice bucket challenge": [3.4669088077917514, -0.5274652078560605], "transgender rights": [-0.08279542415502876, -0.6074058340076989], "farm-to-table": [2.0210353405565495, -0.842349451166068], "bring back our girls": [3.416927795661305, -0.5472849731170082], "arts and crafts movement": [-0.21576366056134158, 0.9522341855710185], "anti-nuclear": [0.2773923712228305, 1.7074230983390164], "anti-globalization": [1.0198367973301576, 1.6237074866824779], "slow movement": [-2.2919142450325367, -0.6760420206111816], "anti-apartheid": [1.6957669219054883, 0.5658946294314844], "students for a democratic society": [0.490810389583954, 0.9202644986284159], "gay rights": [-0.7882865790396859, -0.014118283918402157], "right to life": [-1.2472607384594268, 0.42622691369583054], "black power": [-1.6214967380643905, -1.464304368655548], "zeitgeist": [0.9203604921445059, -0.6959825807478669], "black panther party": [1.708691105747734, -0.3351499049209125], "tea party movement": [2.8858033247407624, -0.6902075801610046], "zapatista": [-1.4849100020512076, 0.9582206676023677], "human rights movement": [0.2495835006721448, 0.6660000359656929], "anti-war": [1.3340795438743647, 1.5521738670769427], "student movement": [-0.002104048029512712, 0.05711933341207824], "black lives matter": [3.1505773360448366, -0.9996297452533233], "social democracy": [-1.1963380501390977, -1.0115017851360584], "conservation movement": [-0.44196804791437566, 0.2665967933732274], "abortion rights movement": [0.6590851235063528, 0.712152616392265], "coalition of immokalee workers": [1.5125688471748964, 0.8334529010031704], "environmental movement": [-2.20122286286775, 0.03747795748821643], "organic movement": [0.14524151685324097, -0.15940693355779156], "temperance movement": [-1.034607631200533, -1.0858017244206972], "nature conservation": [-1.067804438113609, 0.650951475509324], "civil rights movement": [-0.46484373076354235, 0.24036607147331895], "libertarianism": [-3.260018615414527, -0.5887347504411033], "reform movement": [-1.9318550478866403, -0.9617874441791788], "arab spring": [1.946978668204761, -2.018538612437981], "treatment action campaign": [1.1593780751584675, 1.3212344249761672], "idle no more": [3.1535059053437626, -0.7469502540600701], "tibetan independence": [1.314798158451544, 0.4534862834205295], "lgbt rights": [-0.5351468763893088, -2.6608039907560617], "women's rights  movement": [-0.35617786493830106, 0.8266627148902156], "cultural movement": [-2.2704509755771904, -0.2954395935724258], "hippie movement": [-0.2147233947320504, 0.3246412814453738], "slow food movement": [-0.3251416223088857, 0.9071230069029034], "free love": [-4.896541027957765, -0.7627877775632358], "animal rights": [-0.5901973103396685, 1.0990833950548164], "black consciousness": [-1.1733381619684746, 0.38432414915048063]}
